Round Number, Network Remaining Energy
-1,25.000000
1,24.994700
2,24.883489
3,24.807008
