Round Number, Total Energy Consumption
-1,0.000000
1,0.005300
2,0.116511
3,0.192992
